date,views,uniques,views_7d,uniques_7d
2025-07-02,4,3,4,3
2025-07-03,0,0,28,4
2025-07-04,0,0,28,4
2025-07-05,0,0,28,4
2025-07-06,0,0,28,4
2025-07-07,0,0,28,4
2025-07-08,0,0,18,4
2025-07-09,0,0,18,4
2025-07-16,1,1,1,1
2025-07-23,2,1,2,1
2025-08-07,0,0,0,0
2025-08-15,3,1,14,9
2025-08-21,1,1,17,8
2025-08-26,1,1,15,8
2025-08-28,1,1,9,7
2025-08-31,1,1,9,6
2025-09-01,6,1,9,4
2025-09-08,7,1,15,3
2025-09-10,2,1,15,1
2025-09-15,3,1,12,2
2025-09-16,1,1,13,3
2025-09-21,1,1,5,3
2025-09-26,17,5,19,7
2025-09-30,1,1,19,7
2025-10-02,1,1,19,6
2025-10-06,3,2,22,8
2025-10-09,4,1,9,5
2025-10-13,1,1,10,5
2025-10-14,2,2,10,6
2025-10-17,1,1,8,4
2025-10-21,1,1,9,5
2025-10-23,1,1,5,4
2025-10-28,2,1,5,4
2025-11-07,1,1,4,3
2025-11-10,1,1,3,3
2025-11-13,1,1,4,3
2025-11-15,1,1,4,2
2025-11-18,2,2,6,5
2025-11-23,1,1,6,5
2025-11-27,2,1,7,6
2025-11-28,1,1,4,3
2025-12-04,1,1,5,4
2025-12-07,1,1,2,2
2025-12-16,1,1,2,2
2025-12-21,1,1,2,2
2025-12-22,0,0,2,2
2025-12-23,0,0,2,2
2025-12-24,1,1,3,3
2025-12-25,0,0,3,3
2025-12-27,0,0,3,3
2025-12-28,0,0,3,3
2025-12-29,0,0,3,3
2025-12-30,0,0,2,2
2025-12-31,0,0,2,2
2026-01-01,1,1,3,3
2026-01-02,0,0,3,3
2026-01-03,0,0,3,3
2026-01-05,0,0,2,2
2026-01-06,0,0,2,2
2026-01-07,0,0,1,1
2026-01-08,6,3,7,4
2026-01-09,1,1,8,4
2026-01-10,0,0,8,4
2026-01-12,0,0,8,4
2026-01-13,0,0,8,4
2026-01-14,0,0,8,4
2026-01-15,0,0,7,3
2026-01-16,0,0,7,3
2026-01-17,0,0,7,3
2026-01-18,1,1,8,4
2026-01-19,0,0,8,4
2026-01-20,0,0,8,4
2026-01-21,0,0,8,4
2026-01-22,0,0,2,2
2026-01-23,0,0,1,1
2026-01-24,0,0,1,1
2026-01-25,0,0,1,1
2026-01-26,1,1,2,2
2026-01-27,0,0,2,2
2026-01-28,2,1,4,3
2026-01-29,0,0,4,3
2026-01-30,0,0,4,3
2026-01-31,0,0,4,3
2026-02-01,0,0,3,2
2026-02-02,0,0,3,2
2026-02-03,1,1,4,3
2026-02-04,0,0,4,3
2026-02-05,0,0,4,3
2026-02-06,0,0,4,3
2026-02-07,0,0,4,3
2026-02-08,0,0,4,3
2026-02-09,0,0,3,2
2026-02-10,2,1,5,2
2026-02-11,1,1,4,3
2026-02-12,0,0,4,3
2026-02-13,0,0,4,3
2026-02-14,0,0,4,3
2026-02-15,0,0,4,3
2026-02-16,0,0,4,3
2026-02-17,0,0,3,2
2026-02-18,0,0,3,2
2026-02-19,0,0,3,2
2026-02-20,0,0,3,2
2026-02-21,0,0,3,2
2026-02-22,1,1,4,3
2026-02-23,0,0,4,3
2026-02-24,2,2,4,4
2026-02-25,0,0,3,3
2026-02-26,1,1,4,4
2026-02-27,0,0,4,4
2026-02-28,0,0,4,4
2026-03-01,0,0,4,4
2026-03-02,0,0,4,4
2026-03-03,0,0,4,4
2026-03-04,1,1,5,5
2026-03-05,0,0,5,5
2026-03-06,0,0,5,5
2026-03-07,0,0,5,5
2026-03-08,0,0,4,4
2026-03-09,1,1,5,5
2026-03-10,1,1,4,4
2026-03-11,0,0,4,4
2026-03-12,0,0,3,3
2026-03-13,1,1,4,4
2026-03-14,0,0,4,4
2026-03-15,0,0,4,4
2026-03-16,0,0,4,4
2026-03-17,0,0,4,4
2026-03-18,0,0,3,3
2026-03-19,0,0,3,3
2026-03-20,0,0,3,3
2026-03-21,0,0,3,3
2026-03-22,1,1,4,4
2026-03-23,0,0,3,3
2026-03-24,0,0,2,2
2026-03-25,0,0,2,2
2026-03-26,1,1,3,3
2026-03-27,0,0,2,2
2026-03-28,0,0,2,2
2026-03-29,0,0,2,2
2026-03-30,1,1,3,3
2026-03-31,0,0,3,3
2026-04-01,0,0,3,3
2026-04-02,0,0,3,3
2026-04-03,0,0,3,3
2026-04-04,0,0,3,3
2026-04-05,0,0,2,2
2026-04-06,0,0,2,2
2026-04-07,0,0,2,2
2026-04-08,2,2,4,4
2026-04-09,0,0,3,3
2026-04-10,0,0,3,3
2026-04-11,0,0,3,3
2026-04-12,0,0,3,3
2026-04-13,0,0,2,2
2026-04-14,0,0,2,2
2026-04-15,1,1,3,3
2026-04-16,0,0,3,3
2026-04-17,0,0,3,3
2026-04-18,0,0,3,3
2026-04-19,0,0,3,3
2026-04-20,0,0,3,3
2026-04-21,0,0,3,3
2026-04-22,0,0,1,1
2026-04-23,0,0,1,1
2026-04-24,0,0,1,1
2026-04-26,0,0,1,1
2026-04-27,0,0,1,1
2026-04-29,0,0,0,0
2026-04-30,0,0,0,0
2026-05-01,0,0,0,0
2026-05-02,0,0,0,0
2026-05-03,0,0,0,0
2026-05-04,0,0,0,0
2026-05-05,0,0,0,0
2026-05-06,0,0,0,0
2026-05-07,0,0,0,0
2026-05-08,0,0,0,0
2026-05-09,0,0,0,0
2026-05-10,0,0,0,0
2026-05-11,0,0,0,0
2026-05-12,0,0,0,0
2026-05-13,0,0,0,0
2026-05-14,0,0,0,0
2026-05-15,0,0,0,0
2026-05-16,0,0,0,0
2026-05-17,0,0,0,0
2026-05-18,0,0,0,0
2026-05-19,0,0,0,0
2026-05-20,0,0,0,0
2026-05-21,0,0,0,0
2026-05-22,0,0,0,0
2026-05-23,0,0,0,0
2026-05-24,0,0,0,0
2026-05-25,0,0,0,0
2026-05-26,0,0,0,0
2026-05-27,0,0,0,0
2026-05-28,2,1,2,1
2026-05-29,0,0,2,1
2026-05-30,0,0,2,1
2026-05-31,0,0,2,1
2026-06-01,0,0,2,1
2026-06-02,0,0,2,1
2026-06-03,0,0,2,1
2026-06-04,0,0,2,1
2026-06-05,0,0,2,1
2026-06-06,0,0,2,1
2026-06-07,0,0,2,1
2026-06-08,0,0,2,1
2026-06-10,0,0,2,1
2026-06-12,0,0,0,0
2026-06-13,0,0,0,0
2026-06-14,0,0,0,0
2026-06-15,0,0,0,0
2026-06-16,0,0,0,0
2026-06-17,0,0,0,0
2026-06-18,0,0,0,0
2026-06-19,0,0,0,0
2026-06-20,0,0,0,0
2026-06-21,0,0,0,0
2026-06-22,0,0,0,0
2026-06-23,0,0,0,0
2026-06-24,0,0,0,0
2026-06-25,0,0,0,0
2026-06-26,0,0,0,0
2026-06-27,0,0,0,0
2026-06-28,0,0,0,0
2026-06-29,0,0,0,0
2026-06-30,0,0,0,0
2026-07-01,0,0,0,0
2026-07-02,0,0,0,0
2026-07-03,0,0,0,0
2026-07-04,0,0,0,0
2026-07-05,0,0,0,0
2026-07-06,0,0,0,0
2026-07-07,0,0,0,0
2026-07-08,0,0,0,0
2026-07-09,0,0,0,0
2026-07-10,0,0,0,0
2026-07-11,0,0,0,0
2026-07-12,0,0,0,0
2026-07-13,5,3,5,3
2026-07-14,2,1,7,4
2026-07-15,0,0,7,4
2026-07-16,2,1,9,5
2026-07-17,0,0,9,5
2026-07-18,0,0,9,5
2026-07-19,0,0,9,5
2026-07-20,0,0,9,5
2026-07-21,0,0,9,5
2026-07-22,0,0,9,5
2026-07-23,0,0,9,5
2026-07-24,0,0,9,5
2026-07-25,0,0,9,5
2026-07-26,0,0,9,5
2026-07-27,0,0,4,2
2026-07-28,0,0,2,1
2026-07-29,0,0,2,1
2026-07-30,0,0,0,0
2026-07-31,0,0,0,0
2026-08-03,0,0,0,0
2026-08-04,0,0,0,0
2026-08-05,0,0,0,0
2026-08-06,0,0,0,0
2026-08-07,0,0,0,0
2026-08-08,0,0,0,0
2026-08-09,0,0,0,0
2026-08-10,0,0,0,0
2026-08-11,0,0,0,0
2026-08-12,0,0,0,0
2026-08-13,0,0,0,0
2026-08-14,0,0,0,0
2026-08-15,0,0,0,0
