date,stars,forks,watchers,language
2026-06-20,1,0,1,Python
2026-06-21,1,0,1,Python
2026-06-22,1,0,1,Python
2026-06-23,1,0,1,Python
2026-06-24,1,0,1,Python
2026-06-25,1,0,1,Python
2026-06-26,1,0,1,Python
2026-06-27,1,0,1,Python
2026-06-28,1,0,1,Python
2026-06-29,1,0,1,Python
2026-06-30,1,0,1,Python
2026-07-01,1,0,1,Python
2026-07-02,1,0,1,Python
2026-07-03,1,0,1,Python
2026-07-04,1,0,1,Python
2026-07-05,1,0,1,Python
2026-07-06,1,0,1,Python
2026-07-07,1,0,1,Python
2026-07-08,2,0,2,Python
2026-07-09,2,0,2,Python
2026-07-10,2,0,2,Python
2026-07-11,2,0,2,Python
2026-07-12,2,0,2,Python
